{
  "text_only": {
    "recall@1": 0.19310344827586207,
    "recall@5": 0.3448275862068966,
    "recall@10": 0.4689655172413793,
    "median_rank": 12.0,
    "mean_rank": 33.52758620689655
  },
  "visual_only": {
    "recall@1": 0.5275862068965518,
    "recall@5": 0.7620689655172413,
    "recall@10": 0.8758620689655172,
    "median_rank": 1.0,
    "mean_rank": 6.4
  },
  "fusion": {
    "0.0000": {
      "recall@1": 0.19310344827586207,
      "recall@5": 0.3448275862068966,
      "recall@10": 0.4689655172413793,
      "median_rank": 12.0,
      "mean_rank": 33.52758620689655
    },
    "0.1000": {
      "recall@1": 0.20689655172413793,
      "recall@5": 0.3931034482758621,
      "recall@10": 0.5103448275862069,
      "median_rank": 10.0,
      "mean_rank": 26.46896551724138
    },
    "0.2000": {
      "recall@1": 0.23448275862068965,
      "recall@5": 0.44482758620689655,
      "recall@10": 0.5655172413793104,
      "median_rank": 7.0,
      "mean_rank": 20.917241379310344
    },
    "0.3000": {
      "recall@1": 0.2517241379310345,
      "recall@5": 0.5,
      "recall@10": 0.6206896551724138,
      "median_rank": 5.5,
      "mean_rank": 16.420689655172414
    },
    "0.4000": {
      "recall@1": 0.2793103448275862,
      "recall@5": 0.5517241379310345,
      "recall@10": 0.6827586206896552,
      "median_rank": 4.0,
      "mean_rank": 12.993103448275862
    },
    "0.5000": {
      "recall@1": 0.3310344827586207,
      "recall@5": 0.6310344827586207,
      "recall@10": 0.7379310344827587,
      "median_rank": 3.0,
      "mean_rank": 10.303448275862069
    },
    "0.6000": {
      "recall@1": 0.36551724137931035,
      "recall@5": 0.6827586206896552,
      "recall@10": 0.8275862068965517,
      "median_rank": 3.0,
      "mean_rank": 8.431034482758621
    },
    "0.7000": {
      "recall@1": 0.41379310344827586,
      "recall@5": 0.7310344827586207,
      "recall@10": 0.8448275862068966,
      "median_rank": 2.0,
      "mean_rank": 7.313793103448276
    },
    "0.8000": {
      "recall@1": 0.46551724137931033,
      "recall@5": 0.7413793103448276,
      "recall@10": 0.8586206896551725,
      "median_rank": 2.0,
      "mean_rank": 6.572413793103448
    },
    "0.9000": {
      "recall@1": 0.4827586206896552,
      "recall@5": 0.7586206896551724,
      "recall@10": 0.8620689655172413,
      "median_rank": 2.0,
      "mean_rank": 6.348275862068966
    },
    "1.0000": {
      "recall@1": 0.5275862068965518,
      "recall@5": 0.7620689655172413,
      "recall@10": 0.8758620689655172,
      "median_rank": 1.0,
      "mean_rank": 6.4
    }
  },
  "best_alpha_by_recall@1": "1.0000"
}