{
  "text_to_video": {
    "recall@1": 0.5275862068965518,
    "recall@5": 0.7620689655172413,
    "recall@10": 0.8758620689655172,
    "median_rank": 1.0,
    "mean_rank": 6.4
  },
  "video_to_text": {
    "recall@1": 0.4413793103448276,
    "recall@5": 0.6827586206896552,
    "recall@10": 0.8103448275862069,
    "median_rank": 2.0,
    "mean_rank": 7.655172413793103
  }
}