{
  "recall@1": 0.5275862068965518,
  "recall@5": 0.7620689655172413,
  "recall@10": 0.8758620689655172,
  "median_rank": 1.0,
  "mean_rank": 6.4
}